{
"lengthUnit": "mil",
"components": {
	"fields": ["COMPONENT_NO", "COMPONENT_NAME", "LAYER", "X_COORDINATE", "Y_COORDINATE", "ANGLE"],
	"rows": [
		[1, "ACT", "T", 975, -830, 270],
		[2, "C1", "T", 1120, 1510, 0],
		[3, "DOWN", "T", 310, -975, 270],
		[4, "ESC", "T", 1110, -510, 270],
		[5, "ESP8266", "T", 180, 15, 0],
		[6, "FUZE", "B", 715, -1205, 270],
		[7, "H1", "B", 630, 1210, 0],
		[8, "LCD1", "T", 630, 1500, 0],
		[9, "LED", "T", 724.99, -475.01, 90],
		[10, "LEFT", "T", 150, -730, 270],
		[11, "LFT", "T", 100, 960, 270],
		[12, "Q3", "T", 440.01, 35, 0],
		[13, "R1", "T", 440, 395, 0],
		[14, "R2", "T", 675, 310, 270],
		[15, "R3", "T", 675, 135, 90],
		[16, "R4", "T", 440, 280, 180],
		[17, "R5", "T", 440, 160, 180],
		[18, "R6", "B", 570.04, -1194.97, 90],
		[19, "RGT", "T", 1160, 960, 90],
		[20, "RIGHT", "T", 475, -730, 270],
		[21, "SP1", "B", 735, -780, 180],
		[22, "SW1", "B", 290, -1195, 180],
		[23, "SW3", "B", 985, -1195, 180],
		[24, "U1", "B", 610, -760, 90],
		[25, "U2", "T", 1120.01, 1389.99, 90],
		[26, "U3", "T", 620, 750, 180],
		[27, "UP", "T", 310, -485, 270],
		[28, "PAD1", "T", 150, -615, 0],
		[29, "PAD1", "B", 150, -615, 0],
		[30, "PAD2", "T", 150, -850, 0],
		[31, "PAD2", "B", 150, -850, 0],
		[32, "PAD3", "T", 310, -855, 0],
		[33, "PAD3", "B", 310, -855, 0],
		[34, "PAD4", "T", 310, -370, 0],
		[35, "PAD4", "B", 310, -370, 0],
		[36, "PAD5", "T", 310, -1090, 0],
		[37, "PAD5", "B", 310, -1090, 0],
		[38, "PAD6", "T", 310, -605, 0],
		[39, "PAD6", "B", 310, -605, 0],
		[40, "PAD7", "T", 475, -850, 0],
		[41, "PAD7", "B", 475, -850, 0],
		[42, "PAD8", "T", 475, -615, 0],
		[43, "PAD8", "B", 475, -615, 0],
		[44, "PAD9", "T", 975, -950, 0],
		[45, "PAD9", "B", 975, -950, 0],
		[46, "PAD10", "T", 975, -710, 0],
		[47, "PAD10", "B", 975, -710, 0],
		[48, "PAD11", "T", 1110, -625, 0],
		[49, "PAD11", "B", 1110, -625, 0],
		[50, "PAD12", "T", 1110, -390, 0],
		[51, "PAD12", "B", 1110, -390, 0]
	]
},
"pins": {
	"fields": ["PIN_NO", "PIN_NAME", "PIN_X", "PIN_Y", "LAYER", "PIN_TYPE", "NET_NAME", "NET_TYPE", "PAD_SHAPE", "PAD_SIZEX", "PAD_SIZEY", "HOLE_SIZE", "PAD_ANGLE"],
	"rows": [
		[1, "ACT_1", 975, -711.89, "T", "SMD", "MCP_GPA4", "", "R", 82.68, 78.74, 0, 270],
		[2, "ACT_2", 975, -948.11, "T", "SMD", "GND", "GND", "R", 82.68, 78.74, 0, 270],
		[3, "C1_1", 1079.45, 1510, "T", "SMD", "VCC", "", "R", 55.51, 53.15, 0, 0],
		[4, "C1_2", 1160.55, 1510, "T", "SMD", "GND", "GND", "R", 55.51, 53.15, 0, 0],
		[5, "DOWN_1", 310, -856.89, "T", "SMD", "MCP_GPA2", "", "R", 82.68, 78.74, 0, 270],
		[6, "DOWN_2", 310, -1093.11, "T", "SMD", "GND", "GND", "R", 82.68, 78.74, 0, 270],
		[7, "ESC_1", 1110, -391.89, "T", "SMD", "MCP_GPA5", "", "R", 82.68, 78.74, 0, 270],
		[8, "ESC_2", 1110, -628.11, "T", "SMD", "GND", "GND", "R", 82.68, 78.74, 0, 270],
		[9, "ESP8266_1", 180, 715, "T", "DIP", "RESET", "", "C", 66.93, 66.93, 39.37, 0],
		[10, "ESP8266_1", 180, 715, "B", "DIP", "RESET", "", "C", 66.93, 66.93, 39.37, 0],
		[11, "ESP8266_2", 180, 615, "T", "DIP", "ADC0", "", "C", 66.93, 66.93, 39.37, 0],
		[12, "ESP8266_2", 180, 615, "B", "DIP", "ADC0", "", "C", 66.93, 66.93, 39.37, 0],
		[13, "ESP8266_3", 180, 515, "T", "DIP", "GPIO16", "", "C", 66.93, 66.93, 39.37, 0],
		[14, "ESP8266_3", 180, 515, "B", "DIP", "GPIO16", "", "C", 66.93, 66.93, 39.37, 0],
		[15, "ESP8266_4", 180, 415, "T", "DIP", "SCK", "", "C", 66.93, 66.93, 39.37, 0],
		[16, "ESP8266_4", 180, 415, "B", "DIP", "SCK", "", "C", 66.93, 66.93, 39.37, 0],
		[17, "ESP8266_5", 180, 315, "T", "DIP", "MISO", "", "C", 66.93, 66.93, 39.37, 0],
		[18, "ESP8266_5", 180, 315, "B", "DIP", "MISO", "", "C", 66.93, 66.93, 39.37, 0],
		[19, "ESP8266_6", 180, 215, "T", "DIP", "MOSI", "", "C", 66.93, 66.93, 39.37, 0],
		[20, "ESP8266_6", 180, 215, "B", "DIP", "MOSI", "", "C", 66.93, 66.93, 39.37, 0],
		[21, "ESP8266_7", 180, 115, "T", "DIP", "SS", "", "C", 66.93, 66.93, 39.37, 0],
		[22, "ESP8266_7", 180, 115, "B", "DIP", "SS", "", "C", 66.93, 66.93, 39.37, 0],
		[23, "ESP8266_8", 180, 15, "T", "DIP", "VCC", "", "C", 66.93, 66.93, 39.37, 0],
		[24, "ESP8266_8", 180, 15, "B", "DIP", "VCC", "", "C", 66.93, 66.93, 39.37, 0],
		[25, "ESP8266_9", 1080, 15, "T", "DIP", "V_BAT", "", "C", 66.93, 66.93, 39.37, 0],
		[26, "ESP8266_9", 1080, 15, "B", "DIP", "V_BAT", "", "C", 66.93, 66.93, 39.37, 0],
		[27, "ESP8266_10", 1080, 115, "T", "DIP", "GND", "GND", "R", 66.93, 66.93, 39.37, 0],
		[28, "ESP8266_10", 1080, 115, "B", "DIP", "GND", "GND", "R", 66.93, 66.93, 39.37, 0],
		[29, "ESP8266_11", 1080, 215, "T", "DIP", "D4_LED", "", "C", 66.93, 66.93, 39.37, 0],
		[30, "ESP8266_11", 1080, 215, "B", "DIP", "D4_LED", "", "C", 66.93, 66.93, 39.37, 0],
		[31, "ESP8266_12", 1080, 315, "T", "DIP", "D3_SND", "", "C", 66.93, 66.93, 39.37, 0],
		[32, "ESP8266_12", 1080, 315, "B", "DIP", "D3_SND", "", "C", 66.93, 66.93, 39.37, 0],
		[33, "ESP8266_13", 1080, 415, "T", "DIP", "SDA", "", "C", 66.93, 66.93, 39.37, 0],
		[34, "ESP8266_13", 1080, 415, "B", "DIP", "SDA", "", "C", 66.93, 66.93, 39.37, 0],
		[35, "ESP8266_14", 1080, 515, "T", "DIP", "SCL", "", "C", 66.93, 66.93, 39.37, 0],
		[36, "ESP8266_14", 1080, 515, "B", "DIP", "SCL", "", "C", 66.93, 66.93, 39.37, 0],
		[37, "ESP8266_15", 1080, 615, "T", "DIP", "RX", "", "C", 66.93, 66.93, 39.37, 0],
		[38, "ESP8266_15", 1080, 615, "B", "DIP", "RX", "", "C", 66.93, 66.93, 39.37, 0],
		[39, "ESP8266_16", 1080, 715, "T", "DIP", "TX", "", "C", 66.93, 66.93, 39.37, 0],
		[40, "ESP8266_16", 1080, 715, "B", "DIP", "TX", "", "C", 66.93, 66.93, 39.37, 0],
		[41, "FUZE_1", 715, -1160.02, "B", "SMD", "FUZE_1", "", "R", 52.56, 59.05, 0, 90],
		[42, "FUZE_2", 715, -1249.98, "B", "SMD", "FUZE_2", "", "R", 52.56, 59.05, 0, 90],
		[43, "H1_1", 180, 1160, "T", "DIP", "MCP_GPB7", "", "R", 70, 70, 50, 180],
		[44, "H1_1", 180, 1160, "B", "DIP", "MCP_GPB7", "", "R", 70, 70, 50, 180],
		[45, "H1_2", 180, 1260, "T", "DIP", "ADC0", "", "C", 70, 70, 50, 180],
		[46, "H1_2", 180, 1260, "B", "DIP", "ADC0", "", "C", 70, 70, 50, 180],
		[47, "H1_3", 280, 1160, "T", "DIP", "MCP_GPB6", "", "C", 70, 70, 50, 180],
		[48, "H1_3", 280, 1160, "B", "DIP", "MCP_GPB6", "", "C", 70, 70, 50, 180],
		[49, "H1_4", 280, 1260, "T", "DIP", "SCK", "", "C", 70, 70, 50, 180],
		[50, "H1_4", 280, 1260, "B", "DIP", "SCK", "", "C", 70, 70, 50, 180],
		[51, "H1_5", 380, 1160, "T", "DIP", "MCP_GPB5", "", "C", 70, 70, 50, 180],
		[52, "H1_5", 380, 1160, "B", "DIP", "MCP_GPB5", "", "C", 70, 70, 50, 180],
		[53, "H1_6", 380, 1260, "T", "DIP", "MISO", "", "C", 70, 70, 50, 180],
		[54, "H1_6", 380, 1260, "B", "DIP", "MISO", "", "C", 70, 70, 50, 180],
		[55, "H1_7", 480, 1160, "T", "DIP", "MCP_GPB4", "", "C", 70, 70, 50, 180],
		[56, "H1_7", 480, 1160, "B", "DIP", "MCP_GPB4", "", "C", 70, 70, 50, 180],
		[57, "H1_8", 480, 1260, "T", "DIP", "MOSI", "", "C", 70, 70, 50, 180],
		[58, "H1_8", 480, 1260, "B", "DIP", "MOSI", "", "C", 70, 70, 50, 180],
		[59, "H1_9", 580, 1160, "T", "DIP", "MCP_GPB3", "", "C", 70, 70, 50, 180],
		[60, "H1_9", 580, 1160, "B", "DIP", "MCP_GPB3", "", "C", 70, 70, 50, 180],
		[61, "H1_10", 580, 1260, "T", "DIP", "SS", "", "C", 70, 70, 50, 180],
		[62, "H1_10", 580, 1260, "B", "DIP", "SS", "", "C", 70, 70, 50, 180],
		[63, "H1_11", 680, 1160, "T", "DIP", "MCP_GPB2", "", "C", 70, 70, 50, 180],
		[64, "H1_11", 680, 1160, "B", "DIP", "MCP_GPB2", "", "C", 70, 70, 50, 180],
		[65, "H1_12", 680, 1260, "T", "DIP", "D4_LED", "", "C", 70, 70, 50, 180],
		[66, "H1_12", 680, 1260, "B", "DIP", "D4_LED", "", "C", 70, 70, 50, 180],
		[67, "H1_13", 780, 1160, "T", "DIP", "GPIO16", "", "C", 70, 70, 50, 180],
		[68, "H1_13", 780, 1160, "B", "DIP", "GPIO16", "", "C", 70, 70, 50, 180],
		[69, "H1_14", 780, 1260, "T", "DIP", "SDA", "", "C", 70, 70, 50, 180],
		[70, "H1_14", 780, 1260, "B", "DIP", "SDA", "", "C", 70, 70, 50, 180],
		[71, "H1_15", 880, 1160, "T", "DIP", "RESET", "", "C", 70, 70, 50, 180],
		[72, "H1_15", 880, 1160, "B", "DIP", "RESET", "", "C", 70, 70, 50, 180],
		[73, "H1_16", 880, 1260, "T", "DIP", "SCL", "", "C", 70, 70, 50, 180],
		[74, "H1_16", 880, 1260, "B", "DIP", "SCL", "", "C", 70, 70, 50, 180],
		[75, "H1_17", 980, 1160, "T", "DIP", "GND", "GND", "C", 70, 70, 50, 180],
		[76, "H1_17", 980, 1160, "B", "DIP", "GND", "GND", "C", 70, 70, 50, 180],
		[77, "H1_18", 980, 1260, "T", "DIP", "RX", "", "C", 70, 70, 50, 180],
		[78, "H1_18", 980, 1260, "B", "DIP", "RX", "", "C", 70, 70, 50, 180],
		[79, "H1_19", 1080, 1160, "T", "DIP", "V_BAT", "", "C", 70, 70, 50, 180],
		[80, "H1_19", 1080, 1160, "B", "DIP", "V_BAT", "", "C", 70, 70, 50, 180],
		[81, "H1_20", 1080, 1260, "T", "DIP", "TX", "", "C", 70, 70, 50, 180],
		[82, "H1_20", 1080, 1260, "B", "DIP", "TX", "", "C", 70, 70, 50, 180],
		[83, "LCD1_1", 280, 1499.8, "T", "DIP", "GND", "GND", "R", 60, 60, 36, 270],
		[84, "LCD1_1", 280, 1499.8, "B", "DIP", "GND", "GND", "R", 60, 60, 36, 270],
		[85, "LCD1_2", 379.97, 1499.78, "T", "DIP", "VCC", "", "C", 60, 60, 36, 270],
		[86, "LCD1_2", 379.97, 1499.78, "B", "DIP", "VCC", "", "C", 60, 60, 36, 270],
		[87, "LCD1_3", 479.97, 1499.78, "T", "DIP", "SCK", "", "C", 60, 60, 36, 270],
		[88, "LCD1_3", 479.97, 1499.78, "B", "DIP", "SCK", "", "C", 60, 60, 36, 270],
		[89, "LCD1_4", 579.97, 1499.78, "T", "DIP", "MOSI", "", "C", 60, 60, 36, 270],
		[90, "LCD1_4", 579.97, 1499.78, "B", "DIP", "MOSI", "", "C", 60, 60, 36, 270],
		[91, "LCD1_5", 679.97, 1499.78, "T", "DIP", "RESET", "", "C", 60, 60, 36, 270],
		[92, "LCD1_5", 679.97, 1499.78, "B", "DIP", "RESET", "", "C", 60, 60, 36, 270],
		[93, "LCD1_6", 779.97, 1499.78, "T", "DIP", "GPIO16", "", "C", 60, 60, 36, 270],
		[94, "LCD1_6", 779.97, 1499.78, "B", "DIP", "GPIO16", "", "C", 60, 60, 36, 270],
		[95, "LCD1_7", 879.97, 1499.78, "T", "DIP", "MCP_GPB0", "", "C", 60, 60, 36, 270],
		[96, "LCD1_7", 879.97, 1499.78, "B", "DIP", "MCP_GPB0", "", "C", 60, 60, 36, 270],
		[97, "LCD1_8", 980.04, 1500.22, "T", "DIP", "DAC_OUT", "", "C", 60, 60, 36, 270],
		[98, "LCD1_8", 980.04, 1500.22, "B", "DIP", "DAC_OUT", "", "C", 60, 60, 36, 270],
		[99, "LED_1", 660.02, -571.47, "T", "SMD", "V_BAT", "", "R", 59.05, 39.37, 0, 270],
		[100, "LED_2", 789.94, -571.47, "T", "SMD", "LED_2", "", "R", 59.05, 39.37, 0, 270],
		[101, "LED_3", 789.94, -378.56, "T", "SMD", "GND", "GND", "R", 59.05, 39.37, 0, 270],
		[102, "LED_4", 660.02, -378.56, "T", "SMD", "LED_4", "", "R", 59.05, 39.37, 0, 270],
		[103, "LEFT_1", 150, -611.89, "T", "SMD", "MCP_GPA0", "", "R", 82.68, 78.74, 0, 270],
		[104, "LEFT_2", 150, -848.11, "T", "SMD", "GND", "GND", "R", 82.68, 78.74, 0, 270],
		[105, "LFT_1", 72.45, 1030.85, "T", "SMD", "LFT_1", "", "R", 55.12, 35.43, 0, 270],
		[106, "LFT_2", 72.45, 889.15, "T", "SMD", "GND", "GND", "R", 55.12, 35.43, 0, 270],
		[107, "LFT_3", 127.55, 1030.85, "T", "SMD", "LFT_3", "", "R", 55.12, 35.43, 0, 270],
		[108, "LFT_4", 127.55, 889.15, "T", "SMD", "MCP_GPA6", "", "R", 55.12, 35.43, 0, 270],
		[109, "Q3_1", 477.41, 9.41, "T", "SMD", "LED_4", "", "R", 16.54, 23.62, 0, 90],
		[110, "Q3_2", 477.41, 35, "T", "SMD", "MCP_GPB1", "", "R", 16.54, 23.62, 0, 90],
		[111, "Q3_3", 477.41, 60.59, "T", "SMD", "Q3_3", "", "R", 16.54, 23.62, 0, 90],
		[112, "Q3_4", 402.61, 60.59, "T", "SMD", "GND", "GND", "R", 16.54, 23.62, 0, 270],
		[113, "Q3_5", 402.61, 35, "T", "SMD", "Q3_5", "", "R", 16.54, 23.62, 0, 270],
		[114, "Q3_6", 402.61, 9.41, "T", "SMD", "Q3_6", "", "R", 16.54, 23.62, 0, 270],
		[115, "R1_1", 401.96, 395, "T", "SMD", "R1_1", "", "R", 44.59, 54.21, 0, 0],
		[116, "R1_2", 478.04, 395, "T", "SMD", "R1_2", "", "R", 44.59, 54.21, 0, 0],
		[117, "R2_1", 675, 348.04, "T", "SMD", "SDA", "", "R", 44.59, 54.21, 0, 270],
		[118, "R2_2", 675, 271.96, "T", "SMD", "VCC", "", "R", 44.59, 54.21, 0, 270],
		[119, "R3_1", 675, 96.96, "T", "SMD", "SCL", "", "R", 44.59, 54.21, 0, 90],
		[120, "R3_2", 675, 173.04, "T", "SMD", "VCC", "", "R", 44.59, 54.21, 0, 90],
		[121, "R4_1", 478.04, 280, "T", "SMD", "D4_LED", "", "R", 44.59, 54.21, 0, 180],
		[122, "R4_2", 401.96, 280, "T", "SMD", "Q3_6", "", "R", 44.59, 54.21, 0, 180],
		[123, "R5_1", 478.04, 160, "T", "SMD", "LED_4", "", "R", 44.59, 54.21, 0, 180],
		[124, "R5_2", 401.96, 160, "T", "SMD", "GND", "GND", "R", 44.59, 54.21, 0, 180],
		[125, "R6_1", 530.67, -1130.01, "B", "SMD", "R1_1", "", "R", 47.24, 59.05, 0, 180],
		[126, "R6_2", 570.04, -1259.94, "B", "SMD", "Q3_3", "", "R", 62.99, 62.99, 0, 180],
		[127, "R6_3", 609.41, -1130.01, "B", "SMD", "Q3_3", "", "R", 47.24, 59.05, 0, 180],
		[128, "RGT_1", 1187.55, 889.15, "T", "SMD", "MCP_GPA7", "", "R", 55.12, 35.43, 0, 90],
		[129, "RGT_2", 1187.55, 1030.85, "T", "SMD", "RGT_2", "", "R", 55.12, 35.43, 0, 90],
		[130, "RGT_3", 1132.45, 889.15, "T", "SMD", "GND", "GND", "R", 55.12, 35.43, 0, 90],
		[131, "RGT_4", 1132.45, 1030.85, "T", "SMD", "RGT_4", "", "R", 55.12, 35.43, 0, 90],
		[132, "RIGHT_1", 475, -611.89, "T", "SMD", "MCP_GPA3", "", "R", 82.68, 78.74, 0, 270],
		[133, "RIGHT_2", 475, -848.11, "T", "SMD", "GND", "GND", "R", 82.68, 78.74, 0, 270],
		[134, "SP1_+", 955, -1040, "B", "SMD", "V_BAT", "", "R", 78.74, 98.42, 0, 0],
		[135, "SP1_-", 955, -470, "B", "SMD", "R1_2", "", "R", 78.74, 98.42, 0, 0],
		[136, "SW1_1", 378.58, -1133.98, "B", "SMD", "SW1_1", "", "R", 27.56, 59.05, 0, 0],
		[137, "SW1_2", 260.47, -1133.98, "B", "SMD", "Q3_5", "", "R", 27.56, 59.05, 0, 0],
		[138, "SW1_3", 201.42, -1133.98, "B", "SMD", "D3_SND", "", "R", 27.56, 59.05, 0, 0],
		[139, "SW1_4", 433.7, -1169.41, "B", "SMD", "SW1_4", "", "R", 31.5, 39.37, 0, 270],
		[140, "SW1_5", 146.3, -1169.41, "B", "SMD", "SW1_5", "", "R", 31.5, 39.37, 0, 270],
		[141, "SW1_6", 146.3, -1256.02, "B", "SMD", "SW1_6", "", "R", 31.5, 39.37, 0, 270],
		[142, "SW1_7", 433.7, -1256.02, "B", "SMD", "SW1_7", "", "R", 31.5, 39.37, 0, 270],
		[143, "SW3_1", 1073.58, -1133.98, "B", "SMD", "V_BAT", "", "R", 27.56, 59.05, 0, 0],
		[144, "SW3_2", 955.47, -1133.98, "B", "SMD", "FUZE_2", "", "R", 27.56, 59.05, 0, 0],
		[145, "SW3_3", 896.42, -1133.98, "B", "SMD", "SW3_3", "", "R", 27.56, 59.05, 0, 0],
		[146, "SW3_4", 1128.7, -1169.41, "B", "SMD", "SW3_4", "", "R", 31.5, 39.37, 0, 270],
		[147, "SW3_5", 841.3, -1169.41, "B", "SMD", "SW3_5", "", "R", 31.5, 39.37, 0, 270],
		[148, "SW3_6", 841.3, -1256.02, "B", "SMD", "SW3_6", "", "R", 31.5, 39.37, 0, 270],
		[149, "SW3_7", 1128.7, -1256.02, "B", "SMD", "SW3_7", "", "R", 31.5, 39.37, 0, 270],
		[150, "U1_1", 161.1, -484.4, "T", "DIP", "U1_1", "", "R", 70.87, 70.87, 47.2, 270],
		[151, "U1_1", 161.1, -484.4, "B", "DIP", "U1_1", "", "R", 70.87, 70.87, 47.2, 270],
		[152, "U1_2", 161.1, -1035.6, "T", "DIP", "U1_2", "", "R", 70.87, 70.87, 47.2, 270],
		[153, "U1_2", 161.1, -1035.6, "B", "DIP", "U1_2", "", "R", 70.87, 70.87, 47.2, 270],
		[154, "U1_3", 1058.9, -484.4, "T", "DIP", "FUZE_1", "", "R", 70.87, 70.87, 47.2, 270],
		[155, "U1_3", 1058.9, -484.4, "B", "DIP", "FUZE_1", "", "R", 70.87, 70.87, 47.2, 270],
		[156, "U1_4", 1058.9, -1035.6, "T", "DIP", "GND", "GND", "R", 70.87, 70.87, 47.2, 270],
		[157, "U1_4", 1058.9, -1035.6, "B", "DIP", "GND", "GND", "R", 70.87, 70.87, 47.2, 270],
		[158, "U2_1", 1157.41, 1445.11, "T", "SMD", "DAC_OUT", "", "R", 39.37, 21.65, 0, 90],
		[159, "U2_2", 1120.01, 1445.11, "T", "SMD", "GND", "GND", "R", 39.37, 21.65, 0, 90],
		[160, "U2_3", 1082.61, 1445.11, "T", "SMD", "VCC", "", "R", 39.37, 21.65, 0, 90],
		[161, "U2_4", 1082.61, 1334.87, "T", "SMD", "SDA", "", "R", 39.37, 21.65, 0, 90],
		[162, "U2_5", 1120.01, 1334.87, "T", "SMD", "SCL", "", "R", 39.37, 21.65, 0, 90],
		[163, "U2_6", 1157.41, 1334.87, "T", "SMD", "GND", "GND", "R", 39.37, 21.65, 0, 90],
		[164, "U3_1", 945, 949.11, "T", "SMD", "MCP_GPB0", "", "O", 23.62, 90.55, 0, 0],
		[165, "U3_2", 895, 949.11, "T", "SMD", "MCP_GPB1", "", "O", 23.62, 90.55, 0, 0],
		[166, "U3_3", 845, 949.11, "T", "SMD", "MCP_GPB2", "", "O", 23.62, 90.55, 0, 0],
		[167, "U3_4", 795, 949.11, "T", "SMD", "MCP_GPB3", "", "O", 23.62, 90.55, 0, 0],
		[168, "U3_5", 745, 949.11, "T", "SMD", "MCP_GPB4", "", "O", 23.62, 90.55, 0, 0],
		[169, "U3_6", 695, 949.11, "T", "SMD", "MCP_GPB5", "", "O", 23.62, 90.55, 0, 0],
		[170, "U3_7", 645, 949.11, "T", "SMD", "MCP_GPB6", "", "O", 23.62, 90.55, 0, 0],
		[171, "U3_8", 595, 949.11, "T", "SMD", "MCP_GPB7", "", "O", 23.62, 90.55, 0, 0],
		[172, "U3_9", 545, 949.11, "T", "SMD", "VCC", "", "O", 23.62, 90.55, 0, 0],
		[173, "U3_10", 495, 949.11, "T", "SMD", "GND", "GND", "O", 23.62, 90.55, 0, 0],
		[174, "U3_11", 445, 949.11, "T", "SMD", "U3_11", "", "O", 23.62, 90.55, 0, 0],
		[175, "U3_12", 395, 949.11, "T", "SMD", "SCL", "", "O", 23.62, 90.55, 0, 0],
		[176, "U3_13", 345, 949.11, "T", "SMD", "SDA", "", "O", 23.62, 90.55, 0, 0],
		[177, "U3_14", 295, 949.11, "T", "SMD", "U3_14", "", "O", 23.62, 90.55, 0, 0],
		[178, "U3_15", 295, 550.88, "T", "SMD", "GND", "GND", "O", 23.62, 90.55, 0, 0],
		[179, "U3_16", 345, 550.88, "T", "SMD", "GND", "GND", "O", 23.62, 90.55, 0, 0],
		[180, "U3_17", 395, 550.88, "T", "SMD", "GND", "GND", "O", 23.62, 90.55, 0, 0],
		[181, "U3_18", 445, 550.88, "T", "SMD", "RESET", "", "O", 23.62, 90.55, 0, 0],
		[182, "U3_19", 495, 550.88, "T", "SMD", "U3_19", "", "O", 23.62, 90.55, 0, 0],
		[183, "U3_20", 545, 550.88, "T", "SMD", "U3_20", "", "O", 23.62, 90.55, 0, 0],
		[184, "U3_21", 595, 550.88, "T", "SMD", "MCP_GPA0", "", "O", 23.62, 90.55, 0, 0],
		[185, "U3_22", 645, 550.88, "T", "SMD", "MCP_GPA1", "", "O", 23.62, 90.55, 0, 0],
		[186, "U3_23", 695, 550.88, "T", "SMD", "MCP_GPA2", "", "O", 23.62, 90.55, 0, 0],
		[187, "U3_24", 745, 550.88, "T", "SMD", "MCP_GPA3", "", "O", 23.62, 90.55, 0, 0],
		[188, "U3_25", 795, 550.88, "T", "SMD", "MCP_GPA4", "", "O", 23.62, 90.55, 0, 0],
		[189, "U3_26", 845, 550.88, "T", "SMD", "MCP_GPA5", "", "O", 23.62, 90.55, 0, 0],
		[190, "U3_27", 895, 550.88, "T", "SMD", "MCP_GPA6", "", "O", 23.62, 90.55, 0, 0],
		[191, "U3_28", 945, 550.88, "T", "SMD", "MCP_GPA7", "", "O", 23.62, 90.55, 0, 0],
		[192, "UP_1", 310, -366.89, "T", "SMD", "MCP_GPA1", "", "R", 82.68, 78.74, 0, 270],
		[193, "UP_2", 310, -603.11, "T", "SMD", "GND", "GND", "R", 82.68, 78.74, 0, 270],
		[194, "PAD1_3", 150, -615, "T", "DIP", "MCP_GPA0", "", "C", 31.5, 31.5, 19.69, 0],
		[195, "PAD1_3", 150, -615, "B", "DIP", "MCP_GPA0", "", "C", 31.5, 31.5, 19.69, 0],
		[196, "PAD2_3", 150, -850, "T", "DIP", "GND", "GND", "C", 31.5, 31.5, 19.69, 0],
		[197, "PAD2_3", 150, -850, "B", "DIP", "GND", "GND", "C", 31.5, 31.5, 19.69, 0],
		[198, "PAD3_3", 310, -855, "T", "DIP", "MCP_GPA2", "", "C", 31.5, 31.5, 19.69, 0],
		[199, "PAD3_3", 310, -855, "B", "DIP", "MCP_GPA2", "", "C", 31.5, 31.5, 19.69, 0],
		[200, "PAD4_3", 310, -370, "T", "DIP", "MCP_GPA1", "", "C", 31.5, 31.5, 19.69, 0],
		[201, "PAD4_3", 310, -370, "B", "DIP", "MCP_GPA1", "", "C", 31.5, 31.5, 19.69, 0],
		[202, "PAD5_3", 310, -1090, "T", "DIP", "GND", "GND", "C", 31.5, 31.5, 19.69, 0],
		[203, "PAD5_3", 310, -1090, "B", "DIP", "GND", "GND", "C", 31.5, 31.5, 19.69, 0],
		[204, "PAD6_3", 310, -605, "T", "DIP", "GND", "GND", "C", 31.5, 31.5, 19.69, 0],
		[205, "PAD6_3", 310, -605, "B", "DIP", "GND", "GND", "C", 31.5, 31.5, 19.69, 0],
		[206, "PAD7_3", 475, -850, "T", "DIP", "GND", "GND", "C", 31.5, 31.5, 19.69, 0],
		[207, "PAD7_3", 475, -850, "B", "DIP", "GND", "GND", "C", 31.5, 31.5, 19.69, 0],
		[208, "PAD8_3", 475, -615, "T", "DIP", "MCP_GPA3", "", "C", 31.5, 31.5, 19.69, 0],
		[209, "PAD8_3", 475, -615, "B", "DIP", "MCP_GPA3", "", "C", 31.5, 31.5, 19.69, 0],
		[210, "PAD9_3", 975, -950, "T", "DIP", "GND", "GND", "C", 31.5, 31.5, 19.69, 0],
		[211, "PAD9_3", 975, -950, "B", "DIP", "GND", "GND", "C", 31.5, 31.5, 19.69, 0],
		[212, "PAD10_3", 975, -710, "T", "DIP", "MCP_GPA4", "", "C", 31.5, 31.5, 19.69, 0],
		[213, "PAD10_3", 975, -710, "B", "DIP", "MCP_GPA4", "", "C", 31.5, 31.5, 19.69, 0],
		[214, "PAD11_3", 1110, -625, "T", "DIP", "GND", "GND", "C", 31.5, 31.5, 19.69, 0],
		[215, "PAD11_3", 1110, -625, "B", "DIP", "GND", "GND", "C", 31.5, 31.5, 19.69, 0],
		[216, "PAD12_3", 1110, -390, "T", "DIP", "MCP_GPA5", "", "C", 31.5, 31.5, 19.69, 0],
		[217, "PAD12_3", 1110, -390, "B", "DIP", "MCP_GPA5", "", "C", 31.5, 31.5, 19.69, 0]
	]
}
}