{
"lengthUnit": "mil",
"components": {
	"fields": ["COMPONENT_NO", "COMPONENT_NAME", "LAYER", "X_COORDINATE", "Y_COORDINATE", "ANGLE"],
	"rows": [
		[1, "PAD1", "T", -335, 150, 0],
		[2, "PAD1", "B", -335, 150, 0],
		[3, "PAD2", "T", 335, -185, 0],
		[4, "PAD2", "B", 335, -185, 0]
	]
},
"pins": {
	"fields": ["PIN_NO", "PIN_NAME", "PIN_X", "PIN_Y", "LAYER", "PIN_TYPE", "NET_NAME", "NET_TYPE", "PAD_SHAPE", "PAD_SIZEX", "PAD_SIZEY", "HOLE_SIZE", "PAD_ANGLE"],
	"rows": [
		[1, "PAD1_4", -335, 150, "T", "DIP", "MCP2317_21", "", "C", 118.11, 118.11, 106.3, 0],
		[2, "PAD1_4", -335, 150, "B", "DIP", "MCP2317_21", "", "C", 118.11, 118.11, 106.3, 0],
		[3, "PAD2_4", 335, -185, "T", "DIP", "Q1_2", "", "C", 118.11, 118.11, 106.3, 0],
		[4, "PAD2_4", 335, -185, "B", "DIP", "Q1_2", "", "C", 118.11, 118.11, 106.3, 0]
	]
}
}